"Име на продукт",Наличност,"Стара цена",Цена,Стойност
"Калъф за Еърсофт оръжие 100 см (Army Green)",2,33.18,33.18,66.36
"Калъф за Еърсофт оръжие  100 см (Черен)",2,33.18,33.18,66.36
"Предпазна маска за лице  за Еърсофт (Black)",6,10.17,10.17,61.02
"Предпазна маска за лице за Еърсофт(Grey)",0,10.17,10.17,0
"Лека тактическа жилетка (Army Green)",3,25.51,25.51,76.53
"Едноточков ремък (Black)",2,8.64,8.64,17.28
"Едноточков ремък (Army Green)",4,8.64,8.64,34.56
"Двуточков ремък (Coyote)",4,10.17,10.17,40.68
"Пълнител за M4 Mid-Cap (Черeн)",0,9.15,9.15,0
"Пълнител за M4 Mid-Cap (Tan)",0,9.15,9.15,0
"Топчета за Еърсофт 0.25г - 1 кг.",5,12.22,12.22,61.1
"Топчета за Еърсофт 0.28г - 1 кг",5,14.31,14.31,71.55
"Тактическа компактна дръжка (Черна)",0,9.66,9.66,0
"Дръжка за звукова граната THUNDER B SONIC",3,30.67,30.67,92.01
"Газова бутилка (CO2)",0,0.76,0.76,0
"Чантичка за граната (Black)",2,6.64,6.64,13.28
"Чантичка за граната (Green)",5,6.64,6.64,33.2
"Чантичка за граната (ACU)",3,6.64,6.64,19.92
"Чантичка за граната (Coyote)",3,6.64,6.64,19.92
"Чантичка за граната (Tan Camo)",0,6.08,6.08,0
"Ръкавици с пръсти (тан)",0,12.22,12.22,0
"Ръкавици с пръсти (черни)",0,12.22,12.22,0
"Ръкавици с пръсти (зелени)",0,12.22,12.22,0
"Монтажна планка с халка /черна/",2,5.11,5.11,10.22
"Монтажна планка","не се следи",3.53,3.53,"не се следи"
"Антабка/скоба за ремък/ с пуш бутон",16,5.11,5.11,81.76
"Тактически колан Cordura(Foliage Green)",0,28.07,28.07,0
"Тактически колан Cordura (Multicam)",0,28.07,28.07,0
"Едноточков ремък (Coyote)",3,8.64,8.64,25.92
"Комплект &quot;Start 1&quot; на звукова граната THUNDER B SONIC ",3,35.27,35.27,105.81
"Обвивка тип &quot;Лимонка&quot; за звукова граната THUNDER B SONIC",21,2.04,2.04,42.84
"Комплект 12 броя обвивки тип &quot;Лимонка&quot; за звукова граната THUNDER B SONIC ","не се следи",22.45,22.45,"не се следи"
"Комплект 12 броя обвивки тип &quot;Цилиндър&quot; за звукова граната THUNDER B SONIC ","не се следи",25.00,25.00,"не се следи"
"Обвивка тип &quot;Dumbbell&quot; за звукова граната THUNDER B SONIC ",11,2.30,2.04,22.44
"Лека тактическа жилетка (Coyote)",2,25.51,25.51,51.02
"Лека тактическа жилетка (Multicam)",1,25.51,25.51,25.51
"Двуточков ремък (Army Green)",4,10.17,10.17,40.68
"Двуточков ремък (Black)",4,10.17,10.17,40.68
"Силиконова смазка 60 ML",2,6.60,6.60,13.2
"Тактическа раница 15 л. (Green) ",0,33.18,33.18,0
"Тактическа раница 15 л. (Black) ",2,33.18,33.18,66.36
"Тактическа раница 15 л. (Multicam Tropic) ",0,33.18,33.18,0
"Тактически карабинер PVC - 3 броя (Foliage Green)",0,4.55,4.55,0
"Тактически карабинер PVC - 3 броя (Dark Earth)",0,4.55,4.55,0
"Тактически карабинер PVC - 3 броя (Black)",0,4.55,4.55,0
"Тактическа жилетка BUCKLE UP (Coyote)",0,33.18,33.18,0
"Тактическа жилетка BUCKLE UP (Multicam)",0,34.72,34.72,0
"Панел BUCKLE UP за АК47/АКМ (Coyote)",0,10.17,10.17,0
"Панел BUCKLE UP за АК47/АКМ (Multicam)",0,10.17,10.17,0
"Панел BUCKLE UP  Combo 5+2 за АК (Multicam)",2,18.87,18.87,37.74
"Панел BUCKLE UP  Combo 5+2 за АК (Coyote)",0,18.87,18.87,0
"Каска за Еърсофт - SPEC-OPS MICH (Green)",2,35.74,35.74,71.48
"Каска за Еърсофт - Fast Ballistic Replica (L/XL)(Dark Earth)",2,30.63,30.63,61.26
"Тактически ластици - 12 броя(Dark Earth)",3,4.60,4.60,13.8
"Тактически очила Venture 3 Anti-fog Clear",7,12.73,12.73,89.11
"Еърсофт очила V2 (Tan)",0,7.11,7.11,0
"Еърсофт очила V2 (Green)",0,7.11,7.11,0
"Еърсофт очила V2 (Black)",0,7.11,7.11,0
"CM.028A Tactical Gen-2 /CYMA/","не се следи",158.50,158.50,"не се следи"
"CM.040 Gen-2 /CYMA/","не се следи",260.75,260.75,"не се следи"
"CM.513 Gen-2 /CYMA/","не се следи",132.93,132.93,"не се следи"
"Монтажна планка с халка (Tan)",7,5.11,5.11,35.77
"Монтажна планка комплект с антабка",11,7.62,7.62,83.82
"CM.077C - Metal /CYMA/",0,286.27,286.27,0
"Калъф за Еърсофт оръжие 100 см (Coyote)",1,33.18,33.18,33.18
"Тактически очила Venture 3 Anti-fog Gray",5,12.73,12.73,63.65
"Чантичка за радиостанция (Green)",1,9.15,9.15,9.15
"Чантичка за радиостанция (Black)",2,9.15,9.15,18.3
"Чантичка за радиостанция (Coyote)",1,9.15,9.15,9.15
"Чантичка за радиостанция (МТ)",2,9.15,9.15,18.3
"Тактическа компактна дръжка (Tan)",3,9.66,9.66,28.98
"Панел BUCKLE UP SPEED TRIPLE MAG (Coyote)",0,14.27,10.17,0
"Слушалка за радиостанция Motorola.",1,5.11,5.11,5.11
"Обвивка тип &quot;Flash Bang&quot; /комплект с пръстени/ за звукова граната THUNDER B SONIC",0,3.32,3.06,0
"Комплект 3 броя обвивки тип &quot;Flash Bang&quot; / без пръстени/за звукова граната THUNDER B SONIC ",0,7.62,7.62,0
"CM.048M Gen-2 /CYMA/","не се следи",268.42,268.42,"не се следи"
"Пълнител за AK Mid-Cap 30/130 (Tan)",0,13.24,10.69,0
"Пълнител за AK Mid-Cap 30/130 (Black)",0,13.24,11.20,0
"Панел BUCKLE UP TRIPLE 5.56 MAG (Coyote)",2,10.17,10.17,20.34
"Панел BUCKLE UP TRIPLE 5.56 MAG (Multicam)",1,10.17,10.17,10.17
"Чантичка за радиостанция (Мulticam)",3,9.15,9.15,27.45
"Обвивка тип &quot;Цилиндър&quot; за звукова граната THUNDER B SONIC ",8,2.30,2.04,16.32
"Тактическа  дръжка (Черна)",0,9.15,9.15,0
"Ергономична дръжка (Черна)",0,8.13,8.13,0
"Ергономична дръжка (Tan)",0,8.13,8.13,0
"Електрически пълнител за AK с бутафорни амуниции (Black)","не се следи",40.85,40.85,"не се следи"
"Лека мрежеста жилетка (Multicam)",1,35.74,35.74,35.74
"Мултифункционална тактическа жилетка (Multicam Tropic)",0,38.30,38.30,0
"Пълнител за AK Mid-Cap 150 (Черeн)",9,10.17,10.17,91.53
"Слушалка за радиостанция Baofeng/Kenwood /тип спирала/",8,6.64,6.64,53.12
"Слушалка за радиостанция Baofeng/Kenwood",1,5.11,5.11,5.11
"Трубка за радиостанция Baofeng",0,12.73,12.73,0
"Слушалка с 3,5 мм жак",3,4.09,4.09,12.27
"Чантичка  за граната (Multicam)",2,6.64,6.64,13.28
"Тактически ръкавици (черни)","не се следи",5.62,5.62,"не се следи"
"Твърд колан (Khaki)",4,7.62,7.62,30.48
"Твърд колан (Desert Digital)",0,7.62,7.62,0
"Твърд колан (Woodland Digital)",1,7.62,7.62,7.62
"Твърд колан (Desert Camouflage)",1,7.62,7.62,7.62
"Твърд колан (Woodland)",2,7.62,7.62,15.24
"Твърд колан (Army Green)",0,7.62,7.62,0
"Шапка с козирка (Green)",3,7.62,7.62,22.86
"Шапка с козирка (Grey)",1,7.62,7.62,7.62
"Шапка с козирка (Khaki)",1,7.62,7.62,7.62
"Шапка с козирка (Black)",6,7.62,7.62,45.72
"Шапка с козирка (Desert Digital)",1,7.62,7.62,7.62
"Шапка с козирка (Woodland Digital)",5,7.62,7.62,38.1
"Шапка с козирка (ACU)",2,7.62,7.62,15.24
"Шапка с козирка (Woodland)",5,7.62,7.62,38.1
"Шапка с козирка (Multicam)",9,7.62,7.62,68.58
"Слушалка с двоен жак за радиостанция Motorola.",0,7.66,7.66,0
"Радиостанция Baofeng UV-5R 8W","не се следи",35.74,35.74,"не се следи"
"Радиостанция Baofeng UV-6R 7W",1,35.74,35.74,35.74
"Топчета за Еърсофт 0.25г/ 500 броя",2,0.03,0.03,0.06
"Кърпа за маркиране",0,0.03,0.03,0
"Мултифункционална тактическа жилетка (Green)",0,38.30,38.30,0
"Мултифункционална тактическа жилетка (Coyote)",0,38.30,38.30,0
"Лека тактическа жилетка (Multicam Тropic)",2,25.51,25.51,51.02
"Модулен джоб за АК47/АКМ (Multicam)",4,12.73,12.73,50.92
"Модулен джоб за АК47/АКМ (Green)",3,12.73,12.73,38.19
"Модулен джоб за АК47/АКМ (Coyote)",5,12.73,12.73,63.65
"Модулен джоб за M4/M16/АR-15 (Green)",4,11.71,11.71,46.84
"Модулен джоб за M4/M16/АR-15 (Multicam)",0,11.71,11.71,0
"Модулен джоб за M4/M16/АR-15 (Coyote)",4,11.71,11.71,46.84
"Модулен джоб за M4/M16/АR-15 (Multicam Tropic)",0,11.71,11.71,0
"Предпазител за звукова граната THUNDER B SONIC",0,10.22,10.22,0
"Щифт с халка за звукова граната THUNDER B SONIC",9,1.02,1.02,9.18
"Панел BUCKLE UP TRIPLE 7.62/.308 MAG (Multicam Tropic)",1,10.17,10.17,10.17
"Панел BUCKLE UP TRIPLE 7.62/.308 MAG (Green)",2,10.17,10.17,20.34
"Панел BUCKLE UP TRIPLE 7.62/.308 MAG (Multicam)",2,10.17,10.17,20.34
"Топчета за Еърсофт 0.28г /GUARDER/",0,14.27,14.27,0
"Тактически CHEST RIG BUCKLE UP (Multicam)",2,22.96,22.96,45.92
"Тактически CHEST RIG BUCKLE UP (Green)",2,22.96,22.96,45.92
"Тактически CHEST RIG BUCKLE UP (MT)",2,22.96,22.96,45.92
"Тактическа  дръжка (Tan)",5,9.15,9.15,45.75
"Тактически карабинер PVC (Mix)",0,1.53,1.53,0
Аксесоари,1,7.11,7.11,7.11
"Комплект 4 броя обвивки за звукова граната THUNDER B SONIC ","не се следи",9.45,8.69,"не се следи"
"Релса &quot;Picatinny&quot; - 5 слота за Keyмod монтаж",0,8.13,8.13,0
"Релса &quot;Picatinny&quot; - 7 слота за Keyмod монтаж",0,9.66,9.66,0
"Релса &quot;Picatinny&quot; - 9 слота за Keymod монтаж",0,11.20,11.20,0
"Релса &quot;Picatinny&quot; - 13 слота за Keyмod монтаж",0,12.73,12.73,0
"Релса &quot;Picatinny&quot; - 5 слота за MLock монтаж",3,9.66,9.66,28.98
"Релса &quot;Picatinny&quot; - 7 слота за MLock монтаж",0,10.17,10.17,0
"Релса &quot;Picatinny&quot; - 9 слота за MLock монтаж",2,11.19,11.19,22.38
"Релса &quot;Picatinny&quot; - 11 слота за MLock монтаж",0,11.71,11.71,0
"Релса &quot;Picatinny&quot; - 13 слота за MLock монтаж",0,10.17,10.17,0
"Универсална чантичка с цип (Green)",3,8.64,8.64,25.92
"Универсална чантичка с цип (Coyote)",1,8.64,8.64,8.64
"Универсална чантичка с цип (Black)",4,8.64,8.64,34.56
"Универсална чантичка с цип (Multicam)",5,8.64,8.64,43.2
"Каска за Еърсофт - Fast Ballistic Replica (L/XL)(Foliage)",2,30.63,30.63,61.26
"Каска за Еърсофт - Special Force Tactical (Ranger Green)",1,33.18,33.18,33.18
"Предпазна маска за лице  за Еърсофт (Green)",5,10.17,10.17,50.85
"Предпазна маска за лице  за Еърсофт (Coyote)",5,10.17,10.17,50.85
"Предпазна маска за лице  за Еърсофт (Black Skull)",0,10.17,10.17,0
"Монтажна планка с антабка",4,8.13,8.13,32.52
"Джоб за M4/M16/АR-15 (ACU)",1,7.11,7.11,7.11
"Джоб за M4/M16/АR-15 (Woodland)",0,7.11,7.11,0
"Джоб за M4/M16/АR-15 (Multicam)",0,7.11,7.11,0
"Джоб за M4/M16/АR-15 (Green)",0,7.11,7.11,0
"Джоб за M4/M16/АR-15 (Coyote)",1,7.11,7.11,7.11
"Джоб за M4/M16/АR-15 (Black)",0,7.11,7.11,0
"Тактически карабинер PVC (Orange)",1,1.53,1.53,1.53
"Тактически карабинер PVC (Black)",9,1.53,1.53,13.77
"Тактически карабинер PVC (Tan)",7,1.53,1.53,10.71
"Тактически карабинер PVC (Green)",11,1.53,1.53,16.83
"Ергономична компактна дръжка (Черна)",0,8.13,8.13,0
"Ергономична компактна дръжка (Tan)",0,8.13,8.13,0
"Тактически колан (Foliage Green)",0,22.96,22.96,0
"Тактически колан (Multicam)",0,22.96,22.96,0
"Подплатен Molle колан (Black)",2,11.71,11.71,23.42
"Подплатен Molle колан (Coyote)",2,11.71,11.71,23.42
"CM.040C -Gen-2 /CYMA/","не се следи",265.87,265.87,"не се следи"
"CM.028S Gen-2 /CYMA/","не се следи",178.97,178.97,"не се следи"
"CM.028C TACTICAL/CYMA/","не се следи",189.13,189.13,"не се следи"
"CM.621 MOSFET EDITION /CYMA/",1,189.13,189.13,189.13
"Топчета за Еърсофт 0.20г - 1кг",1,11.20,11.20,11.2
"Топчета за Еърсофт 0.23г - 1 кг",0,11.71,11.71,0
"Пълнител за AK Hi-Cap 500 (Черeн)",0,9.15,9.15,0
"Батерия NI-MH (IPower)",0,31.70,31.70,0
"Твърд колан (Black)",0,7.62,7.62,0
"Монтажна планка за M-lock с антабка",0,8.13,8.13,0
"Метален пълнител за AK Mid-Cap 150 (Черeн)",7,10.17,10.17,71.19
"Тактически очила Intrepid II Gray",1,11.20,11.20,11.2
"Тактически очила Intrepid II Clear",0,11.20,11.20,0
"Модулен джоб за АК47/АКМ (Multicam Black)",4,12.73,12.73,50.92
"Каска за Еърсофт - Special Force Tactical (Dark Earth )",2,33.18,33.18,66.36
"Модулен джоб за M4/M16/АR-15 (Black)",5,11.71,11.71,58.55
"Безплатно настройване на радиостанции Baofeng","не се следи",0.00,0.00,"не се следи"
"Каска за Еърсофт - SPEC-OPS MICH (Tan)",1,35.74,35.74,35.74
"Монтаж с пръстен за фенер под 45°",11,10.17,8.13,89.43
"Монтаж с релса &quot;Picatinny&quot;  под 45°/5 слота",0,8.13,8.13,0
"Метален карабинер с каишка (Black)",8,1.53,1.53,12.24
"Метален карабинер с каишка (Green)",2,1.53,1.53,3.06
"Метален карабинер с каишка (Tan)",4,1.53,1.53,6.12
"Комплект PVC релси &quot;Picatinny&quot; /Black/",0,12.73,12.73,0
"Калъф за каска  MICH2000 (Multicam)",6,6.08,6.08,36.48
"Калъф за каска  MICH2000 (Woodland)",2,6.08,6.08,12.16
"Модулен джоб за M4/M16/АR-15 (Multicam Black)",4,11.71,11.71,46.84
"Каска за Еърсофт - SPEC-OPS MICH HIGH-CUT (Black)",2,37.32,37.32,74.64
"Каска за Еърсофт - Fast Ballistic Replica (L/XL)(Black)",2,30.63,30.63,61.26
"Каска за Еърсофт - MICH 2000 (Green)",2,20.40,20.40,40.8
"Повдигач 0,5 &quot;/ 3 слота",3,8.64,8.64,25.92
"Повдигач 0.83 &quot;/ 3 слота",2,9.66,9.66,19.32
"Повдигач 1 &quot;/ 3 слота",2,10.17,10.17,20.34
"Тактическа раница 15 л. (Coyote) ",1,33.18,33.18,33.18
"Двоен джоб за пълнители за пистолет (Multicam)",0,9.66,9.66,0
"Двоен джоб за пълнители за пистолет (Black)",3,9.66,9.66,28.98
"Двоен джоб за пълнители за пистолет (Coyote)",0,9.66,9.66,0
"Двоен джоб за пълнители за пистолет (Green)",0,9.66,9.66,0
"Двоен джоб за пълнители за пистолет (Multicam Tropic)",2,9.66,9.66,19.32
"Модулен джоб за АК47/АКМ (Black)",4,12.73,12.73,50.92
"Повдигач 0,5 &quot; с два болта/ 3 слота",0,6.08,6.08,0
"Повдигач 0,5 &quot; с два болта/ 8 слота",0,10.17,10.17,0
"Комплект 4 броя обвивки за звукова граната THUNDER B SONIC ","не се следи",8.43,7.66,"не се следи"
"Обвивка тип &quot;Flash Bang&quot; / без пръстени/за звукова граната THUNDER B SONIC ",12,2.30,2.04,24.48
"CM.028U TACTICAL/CYMA/","не се следи",153.38,153.38,"не се следи"
"Монтаж с релса &quot;Picatinny&quot;  под 45°/ 3 слота",0,10.69,10.69,0
"Вертикална дръжка Soft-Touch (Dark Earth)",0,12.22,9.15,0
"Вертикална дръжка Soft-Touch (Black)",0,12.22,9.15,0
"Вертикална дръжка  (Dark Earth)",1,8.13,8.13,8.13
"Вертикална дръжка  (Black)",0,8.64,8.64,0
"Дръжка KeyMod (Dark Earth)",2,11.20,11.20,22.4
"Тактически CHEST RIG BUCKLE UP (Coyote)",3,22.96,22.96,68.88
"Модулен джоб (5+2) за M4/M16/АR-15 (Multicam)",3,17.33,17.33,51.99
"Модулен джоб (5+2) за M4/M16/АR-15 (Green)",3,17.33,17.33,51.99
"Модулен джоб (5+2) за M4/M16/АR-15 (Black)",1,17.33,17.33,17.33
"Модулен джоб (5+2) за M4/M16/АR-15 (Coyote)",2,17.33,17.33,34.66
"Универсален двустранен  кобур (Green)",2,10.69,10.69,21.38
"Универсален двустранен  кобур (Multicam)",3,10.69,10.69,32.07
"Универсален двустранен  кобур (Multicam Tropic)",3,10.69,10.69,32.07
"Универсален двустранен  кобур (Black)",0,10.69,10.69,0
"Универсален набедрен кобур (Black)",2,16.36,16.36,32.72
"Универсален набедрен кобур (Multicam)",2,16.36,16.36,32.72
"Универсален набедрен кобур (Coyote)",3,16.36,16.36,49.08
"Универсален набедрен кобур (Green)",2,16.36,16.36,32.72
"Универсален набедрен кобур (Multicam Tropic)",1,16.36,16.36,16.36
"Универсален двустранен кобур (Coyote)",2,10.69,10.69,21.38
"Твърд кобур &quot;Beretta&quot; M9/92F ",4,20.40,20.40,81.6
"Твърд кобур &quot;Glock&quot; 17/18/19 ",3,20.40,20.40,61.2
"Твърд кобур &quot;Colt&quot; 1911 ",3,20.40,20.40,61.2
"Каска за Еърсофт - MICH 2000(Black)",0,20.40,20.40,0
"Налакътници (Multicam)",0,6.60,6.60,0
"Налакътници (Black)",0,6.60,6.60,0
"Налакътници (Woodland Digital)",3,6.60,6.60,19.8
"Налакътници (Woodland)",3,6.60,6.60,19.8
"Налакътници (Green)",0,6.60,6.60,0
"Наколенки (Tan)",11,13.24,13.24,145.64
"PTT бутон с двоен жак Baofeng/Kenwood/ Z-Tac/",6,20.40,20.40,122.4
"PTT U94 бутон с двоен жак Baofeng/Kenwood/ Z-Tac/",0,20.40,20.40,0
"Комплект PVC релси &quot;Picatinny&quot; (Coyote)",1,12.73,12.73,12.73
"Едноточков &quot;bungee&quot; ремък (Black)",4,8.64,8.64,34.56
"Едноточков &quot;bungee&quot; ремък (Green)",7,8.64,8.64,60.48
"Едноточков &quot;bungee&quot; ремък (Coyote)",3,8.64,8.64,25.92
"Спийдлоудър 400 топчета /Прозрачен/",0,9.15,9.15,0
"Спийдлоудър 100 топчета /Прозрачен/",0,6.13,6.13,0
"Спийдлоудър 100 топчета /Черен/",7,6.13,6.13,42.91
"Спийдлоудър 400 топчета /Жълт/",0,9.15,9.15,0
"Спийдлоудър 400 топчета /Син/",0,9.15,9.15,0
"Спийдлоудър 400 топчета /Черен/",6,9.66,9.66,57.96
"Спийдлоудър 155 топчета /Прозрачен/",0,7.11,7.11,0
"Спийдлоудър 155 топчета /Черен/",9,7.11,7.11,63.99
"Спийдлоудър 155 топчета /Зелен/",0,7.11,7.11,0
"Защитни очила Overlight OTG - Bollé",0,12.73,12.73,0
"Защитни очила ILUKA - Bollé",0,8.13,8.13,0
"Защитни очила S10 - Bollé",0,9.15,9.15,0
"Топчета Specna Arms CORE™ 0.25г  - 1 кг ",12,11.71,11.71,140.52
"Топчета Specna Arms CORE™ 0.25г  - 3000 броя ",9,9.66,9.66,86.94
"Топчета Specna Arms CORE™ 0.28г  - 3000 броя ",9,11.20,11.20,100.8
"Топчета Specna Arms CORE™ 0.30г  - 3000 броя ",8,12.52,12.52,100.16
"Шал Shemag (Olive)",0,7.62,7.62,0
"Шал Shemag (Tan)",6,7.62,7.62,45.72
"Шал Shemag (Black)",5,7.62,7.62,38.1
"Тактически  &quot;bungee&quot; ремък (Black)",1,9.66,9.66,9.66
"Тактически  &quot;bungee&quot; ремък (Green)",0,9.66,9.66,0
"Пълнител за M4/AR15  Mid-Cap 150 (Dark Earth)",2,10.17,10.17,20.34
"Пълнител за M4/AR15 Mid-Cap 150 (Black)",5,10.17,10.17,50.85
"Пълнител за M4 Mid-Cap 120 (Translucent)",0,11.20,11.20,0
"Защитно стъкло за бързомер",5,6.08,6.08,30.4
"Модулен джоб (5+2) за AK (Multicam)",5,17.33,17.33,86.65
"Модулен джоб (5+2) за AK (Coyote)",5,17.33,17.33,86.65
"Модулен джоб (5+2) за AK (Green)",3,17.33,17.33,51.99
"Вертикална дръжка MLock (Dark Earth)",0,9.66,9.66,0
"Вертикална дръжка MLock (Black)",0,10.17,10.17,0
"Тактически ръкавици  (Tan)",0,18.36,18.36,0
"Тактически ръкавици (Green)",0,19.38,19.38,0
"Тактически ръкавици (Black)",0,19.38,19.38,0
"Тактически ръкавици  (Green)",0,17.84,17.84,0
"Тактически ръкавици  (Black)",0,17.84,17.33,0
"Тактически ръкавици (Tan)",0,19.38,19.38,0
"Газова бутилка  &quot;ASG&quot; (CO2)",49,0.82,0.82,40.18
"Калъф за Еърсофт оръжие 120 см (Coyote)",0,38.30,38.30,0
"Калъф за Еърсофт оръжие  120 см (Черен)",1,38.30,38.30,38.3
"Калъф за Еърсофт оръжие 120 см (Army Green)",0,38.30,38.30,0
"Подплатен Molle колан (Green)",1,11.71,11.71,11.71
"Джоб за пълнител 5.56 (Green)",3,7.62,7.62,22.86
"Джоб за пълнител 5.56 (Multicam Tropic)",2,7.62,7.62,15.24
"Джоб за пълнител 5.56 (Multicam)",0,7.62,7.62,0
"Джоб за пълнител 5.56 (Multicam Black)",3,7.62,7.62,22.86
"Джоб за пълнител AK (Green)",2,8.13,8.13,16.26
"Джоб за пълнител AK (Coyote)",2,8.13,8.13,16.26
"Джоб за пълнител AK (Multicam Tropic)",0,8.13,8.13,0
"Джоб за пълнител AK (Black)",1,8.13,8.13,8.13
"Плочи за жилетка ",0,8.18,8.18,0
CM.520/CYMA/,"не се следи",153.34,153.34,"не се следи"
CM.522/CYMA/,"не се следи",145.67,145.67,"не се следи"
"CM.028 Gen-2/CYMA/","не се следи",171.28,171.28,"не се следи"
"Топчета Specna Arms CORE™ 0.30г  - 1 кг ",8,13.24,13.24,105.92
"Топчета Specna Arms CORE™ 0.28г  - 1 кг ",10,12.22,12.22,122.2
"Green gas Smart Gas™ - 1000 мл ",14,13.75,13.75,192.5
"Релса &quot;Picatinny&quot; - 4 слота за Keyмod монтаж",0,5.06,5.06,0
"CM.513 Gen-2 - Tan/CYMA/","не се следи",132.93,132.93,"не се следи"
"Компактен &quot;Hand Stop&quot; (Black)",3,8.13,8.13,24.39
"Компактен &quot;Hand Stop&quot; (Tan)",1,8.13,8.13,8.13
"Модулен джоб 7.62/.308 MAG (Green)",3,10.17,10.17,30.51
"Модулен джоб 7.62/.308 MAG (Multicam)",4,10.17,10.17,40.68
"Модулен джоб 7.62/.308 MAG (Coyote)",2,10.17,10.17,20.34
"Панел BUCKLE UP TRIPLE 5.56 MAG (Green)",1,10.17,10.17,10.17
"Панел BUCKLE UP TRIPLE  MAG (Green)",1,10.69,10.69,10.69
"Панел BUCKLE UP TRIPLE  MAG (Coyote)",2,10.69,10.69,21.38
"Панел BUCKLE UP TRIPLE  MAG (Multicam)",1,10.69,10.69,10.69
"Панел BUCKLE UP TRIPLE 7.62/.308 MAG (Coyote)",1,10.69,10.69,10.69
"Батерия Li-Po 11,1V 1100MAH (IPower)",2,21.93,21.93,43.86
"Батерия Li-Po 11,1V 1100MAH (IPower)",4,21.93,21.93,87.72
"Батерия Li-Po 7,4 V 1100MAH (IPower)",3,15.80,15.80,47.4
"Батерия Li-Po 7,4 V 1200MAH (IPower)",2,19.38,19.38,38.76
"Батерия Li-Po 11,1 V 1200MAH (IPower)",1,29.09,29.09,29.09
"Тактически колан Combat (Coyote)",1,22.96,22.96,22.96
"Тактически колан Combat (Green)",3,22.96,22.96,68.88
"Тактически колан Combat (Multicam Tropic)",1,22.96,22.96,22.96
"Зарядно IMAX B3 10W за LiPo Батерии",10,10.17,10.17,101.7
"Пълнител за M4 Mid-Cap 150 (Черeн)",1,11.20,11.20,11.2
"Пълнител за M4/AR15 Mid-Cap 150 ",2,11.71,11.71,23.42
"Каишка за ремък (Coyote)",5,2.55,2.55,12.75
"Каишка за ремък (Army Green)",7,2.55,2.55,17.85
"Каишка за ремък (Black)",4,2.55,2.55,10.2
"Колан (Black)",5,5.11,5.11,25.55
"Колан (Khaki)",2,5.11,5.11,10.22
"Колан (Army Green)",4,5.11,5.11,20.44
"Каска за Еърсофт - SPEC-OPS MICH (Black)",1,35.74,35.74,35.74
"Дръжка KeyMod (Black)",1,12.22,12.22,12.22
"Спийдлоудър 470 топчета /Черен/",0,8.64,8.64,0
"Био Топчета Specna Arms CORE™ 0.28г BIO  - 1 кг ",5,16.31,16.31,81.55
"Био Топчета Specna Arms CORE™ 0.30г BIO - 1 кг ",0,16.82,16.82,0
"Био Топчета Specna Arms CORE™ 0.28г BIO - 3000 броя ",0,14.27,14.27,0
"Газова бутилка  Smart Gas™ (CO2)",0,0.76,0.76,0
"Защитна торбичка за Li-Po батерии (10х20см)(IPower)",2,8.64,8.64,17.28
"Защитна торбичка за Li-Po батерии (18х23см) (IPower)",3,9.15,9.15,27.45
"Защитна торбичка за Li-Po батерии(23х30см)(IPower)",3,9.66,9.66,28.98
"Еърсофт очила PANORAMIC (Black)",0,18.87,18.87,0
"Еърсофт очила PANORAMIC (Tan)",0,18.87,18.87,0
"Еърсофт очила PANORAMIC (Green)",0,18.87,18.87,0
"Батерия Li-Po 7,4 V 1100MAH (IPower)",1,15.80,15.80,15.8
"Батерия Li-Po 7,4 V 1200MAH (IPower)",3,19.38,19.38,58.14
"Батерия Li-Po 11,1V 1100MAH (IPower)",3,21.93,21.93,65.79
"Батерия Li-Po 7,4 V 1450MAH (IPower)",2,21.93,21.93,43.86
"Чантичка с цип (Green)",4,9.15,9.15,36.6
"Чантичка с цип (Coyote)",1,9.15,9.15,9.15
"Чантичка с цип (Multicam)",2,9.15,9.15,18.3
"Чантичка с цип (Black)",2,9.15,9.15,18.3
"Комплект &quot;Start 2&quot; на звукова граната THUNDER B SONIC ","не се следи",35.27,35.27,"не се следи"
"Радиостанция Baofeng UV-82 8W","не се следи",38.30,38.30,"не се следи"
"Слушалка за радиостанция Baofeng UV82",2,7.15,7.15,14.3
"Джоб за пълнител AK (Multicam)",3,8.13,8.13,24.39
"Ергономична предна дръжка (Черна)",9,9.15,9.15,82.35
"Ергономична предна дръжка (Dark Earth)",3,9.15,9.15,27.45
"Каска за Еърсофт - MICH 2000 (Coyote)",3,20.40,20.40,61.2
"Дръжка MLock (Black)",2,10.17,10.17,20.34
"Дръжка MLock (Dark Earth)",2,10.17,10.17,20.34
"Монтаж с релса &quot;Picatinny&quot;  под 45°/ 4 слота",3,12.22,12.22,36.66
"ST92F  Vertec, Non-Blowback /STTi/",0,49.03,49.03,0
"Пълнител за ST92F Green gas (Black)",0,22.96,22.96,0
"CM.515 -Тan/CYMA/",0,163.56,163.56,0
"CM.091 - Metal/CYMA/","не се следи",269.90,269.90,"не се следи"
"Чантичка за пълнители (Green)",2,11.71,11.71,23.42
"Чантичка за пълнители (Coyote)",2,11.71,11.71,23.42
"Чантичка за пълнители (Multicam Tropic)",1,11.71,11.71,11.71
"Чантичка за пълнители (Multicam)",4,11.71,11.71,46.84
"Чантичка за пълнители (Black)",1,11.71,11.71,11.71
"CM.622 MOSFET EDITION /CYMA/",0,184.01,184.01,0
"Пач &quot;Българско знаме&quot;",7,2.55,2.55,17.85
"CM.623 MOSFET EDITION /CYMA/",0,189.13,189.13,0
"CM.619 /CYMA/",0,214.69,214.69,0
"Лека тактическа жилетка (Black)",2,25.51,25.51,51.02
"Панел Molle (Green)",2,7.62,7.62,15.24
"Панел Molle (Coyote)",2,7.62,7.62,15.24
"Панел Molle (Multicam)",2,7.62,7.62,15.24
"Панел Molle (Black)",2,7.62,7.62,15.24
"Пълнител за M4/AR15 Mid-Cap 150 (Dark Earth)",12,11.71,11.71,140.52
"Пластмасов тренировъчен нож (Черен)",3,10.17,10.17,30.51
"Пластмасов тренировъчен щик (Черен)",2,12.73,10.17,20.34
"Платформа за MOLLE",0,10.17,10.17,0
"Преходник Small Tamiya към Big Tamiya",0,1.53,1.53,0
"M1911 GLADIATOR MARCUX /APS/",0,130.37,130.37,0
"Преходник към 11 мм",3,10.17,10.17,30.51
"Тактически очила Venture 3 Anti-fog Yellow",0,12.73,12.73,0
"Батерия Li-Po 7,4 V 1450MAH (IPower)",1,21.93,21.93,21.93
"Лека тактическа жилетка (Multicam Black)",2,25.51,25.51,51.02
"Двоен джоб за АК47/АКМ (Green)",2,10.69,10.69,21.38
"Спийдлоудър 400 топчета /Зелен/",0,9.15,9.15,0
"Green gas WE 2X - 800мл",0,13.24,11.20,0
"Био Топчета Specna Arms CORE™ 0.25г BIO - 3000 броя ",3,12.73,12.73,38.19
"Пач  &quot;WTF&quot;",2,2.55,2.55,5.1
"Пач  &quot;I LOVE AK&quot;",4,2.55,2.55,10.2
"Комплект Наколенки и Налакътници (Multicam)",2,17.84,17.84,35.68
"Комплект Наколенки и Налакътници (Green)",2,17.84,17.84,35.68
"Преходник T-Connector  към Small Tamiya",3,5.11,5.11,15.33
"Джоб за пълнител 5.56 (Coyote)",3,7.62,7.62,22.86
"Пълнител за M4 Mid-Cap 150 (Tan)",0,11.20,11.20,0
"Повдигач 1 &quot; с два болта/ 8 слота",0,11.71,11.71,0
"Тактически едноточков &quot;bungee&quot; ремък (Green)",4,9.66,9.66,38.64
"Тактически едноточков &quot;bungee&quot; ремък (Black)",3,9.66,9.66,28.98
"Чантичка за Еърсофт пистолет (Black)",0,7.62,7.62,0
"Двоен джоб за пълнители за пистолет (Multicam Black)",3,9.66,9.66,28.98
"Паракорд с метален карабинер (Black)",6,3.06,3.06,18.36
"Паракорд с метален карабинер (Green)",3,3.06,3.06,9.18
"Паракорд с метален карабинер (Coffee)",0,3.06,3.06,0
"Паракорд с метален карабинер (Camo)",7,3.06,3.06,21.42
"Паракорд с метален карабинер (Orange)",5,3.06,3.06,15.3
"Антена за радиостанция",2,12.77,12.77,25.54
"Каска за Еърсофт - Special Force Tactical (Black )",2,33.18,33.18,66.36
"Еърсофт очила PANORAMIC- Clear (Black)",9,12.22,12.22,109.98
"Еърсофт очила PANORAMIC - Clear (Tan)",8,12.22,12.22,97.76
"Еърсофт очила PANORAMIC -Clear (Green)",8,12.22,12.22,97.76
"Комплект радиостанции Baofeng 888S  - 2 броя","не се следи",33.18,33.18,"не се следи"
"Радиостанция Baofeng UV-9R  Plus 15W","не се следи",43.41,43.41,"не се следи"
"Зарядно IMAX B3 20W за LiPo Батерии",4,15.29,15.29,61.16
"Слушалка за радиостанция Baofeng UV9R ",3,9.20,9.20,27.6
"Преходник за слушалка за радиостанция Baofeng UV9R",1,6.13,6.13,6.13
"Подложки за каска",2,12.22,12.22,24.44
"Пластмасов тренировъчен нож (Dark Earth)",2,10.17,10.17,20.34
"Пластмасов тренировъчен щик (Dark Earth)",2,12.73,10.17,20.34
"Шапка с козирка (Jungle Python)",1,7.62,7.62,7.62
"Tактическа жилетка (Multicam Tropic)",2,58.75,58.75,117.5
"Tактическа жилетка (Multicam)",1,58.75,58.75,58.75
"Tактическа жилетка (Army Green)",3,58.75,58.75,176.25
"Tактическа жилетка (Coyote)",3,58.75,58.75,176.25
"Tактическа жилетка (Black)",2,58.75,58.75,117.5
"Tактическа жилетка (Multicam Black)",2,58.75,58.75,117.5
"Тактически ръкавици без пръсти  (Green)",2,10.17,10.17,20.34
"Тактически ръкавици без пръсти  (Тан)",2,10.17,10.17,20.34
"Тактически ръкавици без пръсти  (Black)",2,10.17,10.17,20.34
"Слушалка за радиостанция Baofeng Mini BF-T1",3,5.11,5.11,15.33
"Универсален предпазител/протектор",11,12.22,12.22,134.42
"Приставка за затвора на АК",3,8.64,8.64,25.92
"Двоен джоб за M4/M16/АR-15 (Green)",1,9.15,9.15,9.15
"Двоен джоб за M4/M16/АR-15 (Multicam)",2,9.15,9.15,18.3
"Двоен джоб за M4/M16/АR-15 (Coyote)",1,9.15,9.15,9.15
"Двоен джоб за M4/M16/АR-15 (Multicam Tropic)",2,9.15,9.15,18.3
"Монтажни адаптори за каска",1,8.13,8.13,8.13
"Пистолет R26/M1911 /Army Armament/",0,104.76,104.76,0
"Пълнител за 1911 Green gas (Army Armament)",0,25.51,25.51,0
"Монтаж за АК",5,17.33,17.33,86.65
"Релса &quot;Picatinny&quot; за G36C/G36K/G3 SAS",0,6.60,6.60,0
"Релса &quot;Picatinny&quot;  - 5 слота за Keyмod монтаж",0,6.08,6.08,0
"Релса &quot;Picatinny&quot;  - 9 слота за Keyмod монтаж",0,8.13,8.13,0
"Комплект релси &quot;Picatinny&quot; - MLock",2,19.89,19.89,39.78
"Комплект релси &quot;Picatinny&quot; - KeyMod",1,19.89,19.89,19.89
"Двоен джоб за АК47/АКМ (Multicam)",3,10.69,10.69,32.07
"Двоен джоб за АК47/АКМ (Coyote)",2,10.69,10.69,21.38
"Двоен джоб за АК47/АКМ (Black)",1,10.69,10.69,10.69
"Комплект Наколенки и Налакътници (Black)",2,17.84,17.84,35.68
"Едноточков ремък за жилетка (Green)",0,7.62,7.62,0
"Едноточков ремък за жилетка (Coyote)",0,7.62,7.62,0
"Едноточков ремък за жилетка (Black)",0,7.62,7.62,0
"Бързомер T4 1X22 (Vector Optics)",2,61.30,61.30,122.6
"Бързомер IPM 1X23X34 (Vector Optics)",3,43.41,43.41,130.23
"Бързомер HSW (PCS)",0,63.86,63.86,0
"Пълнител за AR15/416/M4 Mid-Cap 150 (Черeн)",1,11.20,11.20,11.2
"Метален пълнител за M4/M16 Low-Cap 70 (Black)",4,9.15,9.15,36.6
"Метален пълнител за M4/M16 Hi-Cap 320 (Black)",0,10.17,10.17,0
"Балистични очила HighIander H2X Clear",0,18.87,18.87,0
"Балистични очила HighIander H2X Gray",3,18.87,18.87,56.61
"Спийдлоудър 500 топчета /Черен/",0,10.17,10.17,0
"Метален пълнител за M4/M16 Mid-Cap 150 (Black)",8,11.71,11.71,93.68
"Вертикална сгъваема дръжка (Black)",1,10.17,10.17,10.17
"Пистолет R29/M1911 /Army Armament/",0,104.76,104.76,0
"Батерия Li-Po 11,1 V 1200MAH (IPower)",2,29.09,29.09,58.18
"Пълнител за 1911 Green gas (Army Armament)",0,25.51,25.51,0
"Релса &quot;Picatinny&quot; 5.5&quot;",3,10.17,10.17,30.51
"Двоен джоб за M4/M16/АR-15 (Black)",0,9.15,9.15,0
"Еърсофт очила с вентилатор (Dark Earth)",0,36.25,36.25,0
"Ергономична дръжка (Черна)",3,9.15,9.15,27.45
"Ергономична дръжка (Tan)",5,9.15,9.15,45.75
"Mlock Монтаж за двунога ",1,12.78,12.78,12.78
"Еърсофт очила с вентилатор (Black)",0,36.25,36.25,0
"PTT U94 бутон за Baofeng UV 9R",1,25.51,25.51,25.51
"Панел BUCKLE UP Combo 5+2 за АК (Green)",2,18.87,18.87,37.74
"Джоб за пълнител 5.56 (Black)",1,7.62,7.62,7.62
"Калъф за каска  Fast Ballistic (Multicam)",8,13.24,13.24,105.92
"Калъф за каска  Fast Ballistic (Green)",5,13.24,13.24,66.2
"Калъф за каска  Fast Ballistic (Tan)",7,13.24,13.24,92.68
"Пач &quot;MEDIC&quot;",5,2.55,2.55,12.75
"Радиостанция Baofeng 888S ",0,17.84,17.84,0
"Преходник T-Connector  към Small Tamiya",3,5.11,5.11,15.33
"Преходник Small Tamiya към T-Connector  ",2,5.11,5.11,10.22
"Балистични очила HighIander H2X Color",0,18.87,18.87,0
"Акустична слушалка за радиостанция Baofeng",10,7.66,7.66,76.6
"Тръбичка за акустична слушалка",3,2.55,2.55,7.65
"Радиостанция Baofeng UV-10R 16W","не се следи",43.41,43.41,"не се следи"
"Бързомер  1X35 (Vector Optics)",4,35.74,35.74,142.96
"Тактически обувки (Black)",0,18.36,71.53,0
"Наколенки (Green)",0,13.24,13.24,0
"Наколенки (Black)",3,13.24,13.24,39.72
"Green gas Smart Gas™ - 120 мл ",14,4.55,4.55,63.7
"Green gas Smart Gas™ - 520 мл ",0,9.66,9.66,0
"Green gas Smart Gas™ - 800 мл ",17,12.73,12.73,216.41
Фенер,0,11.24,11.24,0
"Адаптивен твърд кобур &quot;Black&quot; ",2,30.63,30.63,61.26
"Адаптивен твърд кобур &quot;Green&quot; ",0,30.63,30.63,0
"Адаптивен твърд кобур &quot;Tan&quot; ",0,30.63,30.63,0
"Еърсофт очила (Tan)",0,16.82,16.82,0
"Еърсофт очила (Green)",0,16.82,16.82,0
"Тактически очила Intrepid II Yellow",0,11.20,11.20,0
"Метален пълнител за AK74 Mid-Cap 125 (Черeн)",11,13.75,13.75,151.25
"USB кабел за бързо зареждане",0,5.06,5.06,0
"Пълнител за AK Mid-Cap 150 (Orange)",4,10.17,10.17,40.68
"Пълнител за AK74 Mid-Cap 150 (Черeн)",11,10.17,10.17,111.87
"Бързомер HSW 1 (PCS)",0,63.86,63.86,0
"Еърсофт очила V2 -Тонирани (Black)",0,7.11,7.11,0
"Еърсофт очила V2 -Тонирани (Tan)",0,7.11,7.11,0
"Еърсофт очила V2 -Тонирани (Green)",0,7.11,7.11,0
"Комплект &quot;Start &quot; на звукова граната THUNDER B SONIC ","не се следи",33.23,33.23,"не се следи"
"Светеща пръчка",0,1.53,1.53,0
"Батерия Li-Po 11,1V 1100MAH (IPower)",1,21.93,21.93,21.93
"Батерия Li-Po 7,4 V 1450MAH (IPower)",2,21.93,21.93,43.86
"Адаптивен твърд кобур /Ляв/ &quot;Black&quot; ",2,30.63,30.63,61.26
"Силиконова гривна","не се следи",0.03,0.03,"не се следи"
"Метален пълнител за SR25/AR10 Mid-Cap 130 (Black)",0,14.27,14.27,0
"Пълнител за SR25/AR10 Mid-Cap 100 (Black)",6,13.24,13.24,79.44
"Еърсофт очила за каска (Black)",0,24.03,24.03,0
"Пач  &quot;AK47&quot;",6,2.55,2.55,15.3
"Пълнител за M4 Mid-Cap 140 (Tan)",12,12.22,12.22,146.64
"Пълнител за M4 Mid-Cap 140 (Black)",8,12.22,12.22,97.76
"Пистолет R614 - John Wick 4 /Army Armament/",5,178.90,178.90,894.5
"Био Топчета Specna Arms CORE™ 0.25г BIO - 1 кг ",0,15.80,15.80,0
"Шапка Боне (Woodland Digital)",1,9.71,7.62,7.62
"Шапка Боне (Desert Digital)",0,9.71,7.62,0
"Камуфлажна лента (Multicam)",3,6.64,6.64,19.92
"Камуфлажна лента (Flecktarn)",0,6.64,6.64,0
"Камуфлажна лента (Woodland)",2,6.64,6.64,13.28
"Шапка Боне (Woodland)",3,9.71,9.71,29.13
"Шапка Боне (Multicam)",4,9.71,9.71,38.84
"Шапка Боне (Army Green)",0,9.71,9.71,0
"Раница 30 л. (Multicam) ",0,30.63,30.63,0
"Калъф за каска  MIHC2000 /ЕМ/ (Multicam)",4,12.22,12.22,48.88
"Тактическа раница 30 л. (Coyote) ",3,38.30,38.30,114.9
"Тактическа раница 30 л. (Black) ",0,38.30,38.30,0
"Комплект &quot;Start Devil&quot; на звукова граната THUNDER B SONIC ",1,34.76,34.76,34.76
Радиостанция,"не се следи",17.84,17.84,"не се следи"
"Пълнител за R601 JW3/R604 JW4 Green gas (Army Armament)",1,30.63,30.63,30.63
"Твърд кобур &quot;Hi-Capa&quot; ",2,20.40,20.40,40.8
"Батерия Li-Po 7,4 V 1450MAH (IPower)",1,21.93,21.93,21.93
"Тактически CHEST RIG BUCKLE UP ",0,20.45,20.45,0
"Панел BUCKLE UP Combo 5+2 (Coyote)",0,16.87,16.87,0
"Калъф за каска  Fast Ballistic",0,15.34,15.34,0
"Чантичка с капак за граната (Multicam)",2,8.69,8.69,17.38
"Еърсофт очила за каска (Dark Earth)",3,24.03,24.03,72.09
"Предпазна маска за лице ",0,9.15,9.15,0
"Компактен фенер /WADSN/",3,10.73,10.73,32.19
"Комплект 6 PVC релси &quot;Picatinny&quot; /Black/",3,17.84,17.84,53.52
"Комплект 6 PVC релси &quot;Picatinny&quot; /Dark Earth/",2,17.84,17.84,35.68
"Чантичка с капак за граната (Green)",4,8.69,8.69,34.76
"Чантичка с капак за граната (Multicam Tropic)",2,8.69,8.69,17.38
"Чантичка с капак за граната (Multicam Black)",3,8.69,8.69,26.07
"Чантичка с капак за граната (Coyote)",3,8.69,8.69,26.07
"Тактически турникет",1,10.22,10.22,10.22
"Магнитна антена за радиостанция Baofeng",0,7.62,7.62,0
"Релса &quot;Picatinny&quot; - 3 слота за Keyмod/Mlock",2,9.66,9.66,19.32
"Тактически очила ITEK Anti-fog Clear",3,10.17,10.17,30.51
"Тактически очила ITEK Anti-fog Gray",6,10.17,10.17,61.02
"Тактически фенер V300 - Black /WADSN/",2,43.97,43.97,87.94
"Чантичка за Еърсофт пистолет 28 см (Multicam)",1,12.73,12.73,12.73
"Капак за АК",1,21.98,21.98,21.98
"Спийдлоудър 500 топчета /Черен/",2,11.20,11.20,22.4
"Антена NA 771 ",5,5.06,5.06,25.3
AGM,"не се следи",204.47,204.47,"не се следи"
"Резервна част",2,7.62,7.62,15.24
"Тактически ръкавици Armored Claw (Black)",0,33.18,22.96,0
"Платформа за колан и бедро",0,23.98,23.98,0
Увеличител,0,69.02,69.02,0
"Заглушител за АК",0,35.79,35.79,0
"Антифони EARMOR M31 (Green)",1,86.87,76.64,76.64
"Антифони EARMOR M31 (Black)",1,86.87,76.64,76.64
"Антифони EARMOR M32 (Tan)",0,125.22,107.32,0
"Антифони EARMOR M31 (Tan)",0,86.87,76.64,0
"Антифони EARMOR M32 (Green)",0,125.22,107.32,0
"Антифони EARMOR M32 (Black)",2,125.22,107.32,214.64
"EARMOR - M51 PTT за KENWOOD/Baofeng  ",7,40.85,40.85,285.95
"CM.099 - VSS VINTOREZ/CYMA/",0,258.15,258.15,0
"PVC монтаж за фенер",2,9.66,9.66,19.32
"Тактически колан Combat (Multicam)",1,22.96,22.96,22.96
"Камуфлажна лента (UCP)",2,6.64,6.64,13.28
"Преходник Ztac/ Earmor",2,12.73,12.73,25.46
"PTT U94 Military бутон за Baofeng/Kenwood/ WADSN/",5,22.96,22.96,114.8
"Камуфлажна лента (Jungle)",2,5.11,5.11,10.22
"Камуфлажна лента (Digital Desert)",6,5.11,5.11,30.66
"Камуфлажна лента (Grassland)",7,5.11,5.11,35.77
"Топчета за Еърсофт 0.28г /BLS/ - 1 кг ",7,14.31,14.31,100.17
"CM.045C Gen-2/CYMA/","не се следи",281.21,281.21,"не се следи"
"Адаптери М11 ARC /Earmor/",8,23.00,23.00,184
"PTT U94 Military бутон за Baofeng/Kenwood/ WADSN/Tan/",2,22.96,22.96,45.92
"Адаптери за антифони /Black/",1,15.33,15.33,15.33
"Адаптери за антифони /Tan/",0,15.33,15.33,0
"Адаптери за антифони /Green/",0,15.33,15.33,0
"Платформа за бедро",4,40.85,40.85,163.4
"Лека мрежеста жилетка (Green)",1,35.74,35.74,35.74
"Лека мрежеста жилетка (Black)",1,35.74,35.74,35.74
"Лека мрежеста жилетка (Coyote)",1,35.74,35.74,35.74
"Релса &quot;Picatinny&quot; - 13 слота за MLock монтаж",3,12.73,12.73,38.19
"Тактически фенер V300 - Dark Earth /WADSN/",2,43.97,43.97,87.94
"Релса &quot;Picatinny&quot; - 7 слота за Keyмod/Mlock",1,13.24,13.24,13.24
"Пълнител за M4/AR15 Mid-Cap 150 ",6,11.71,11.71,70.26
"PTT U94 бутон за Baofeng/Kenwood/ WADSN/Tan/",1,22.96,22.96,22.96
"PTT U94 бутон с двоен жак Baofeng/Kenwood/ WADSN/",4,22.96,22.96,91.84
"EARMOR - M52 PTT с дистанционен бутон за KENWOOD/Baofeng  ",2,45.97,45.97,91.94
"Силиконова смазка Smart Oil™ 100 ML",0,7.11,7.11,0
Гранатомет,"не се следи",127.82,127.82,"не се следи"
"Граната за гранатомет","не се следи",38.35,38.35,"не се следи"
"CM.048S GEN-2 /CYMA/",0,268.42,268.42,0
"Тактически колан Combat (Black)",1,22.96,22.96,22.96
"Батерия CR123A",5,4.34,4.34,21.7
"Радиостанция Baofeng UV-16 Plus - 15W",3,48.52,48.52,145.56
"Топчета за Еърсофт 0.20г /BLS/ - 1 кг ",2,11.75,11.75,23.5
"USB кабел за зарядно Baofeng",1,5.06,5.06,5.06
"Капак за АКS",1,21.98,21.98,21.98
"Чантичка с капак за граната (Black)",4,8.69,8.69,34.76
"Тактически фенер V300C Mini Scout Switch - Black",1,49.08,49.08,49.08
"Тактически фенер V300C Mini Scout Switch  - Dark Earth",0,49.08,49.08,0
"Скоби за ремък",1,7.66,7.66,7.66
"Пистолет Eagle","не се следи",230.08,230.08,"не се следи"
"Монтажна планка за Key-Mod с антабка",13,8.64,8.64,112.32
"Монтажна планка за Key-Mod с антабка /Dark Earth/",6,8.64,8.64,51.84
"Пълнител за M4/AR15 Mid-Cap 210 /EMG/",14,17.84,17.84,249.76
"Тактическо компактно фенерче  Fast 302 /Opsmen/",1,51.12,30.67,30.67
"Тактическа раница 15 л. (Multicam) ",3,33.18,33.18,99.54
"Пистолет R615  TTI Sand Viper /Army Armament/",1,168.68,168.68,168.68
"Пълнител за R615 TTI Sand Viper Green gas (Army Armament)",1,30.63,30.63,30.63
"Армейска раница 40 л. (Multicam) ",1,76.64,76.64,76.64
"Армейска раница 40 л. (Multicam Tropic) ",1,76.64,76.64,76.64
"Армейска раница 40 л. (Green) ",1,76.64,76.64,76.64
"Армейска раница 40 л. (Coyote) ",1,76.64,76.64,76.64
"Армейска раница 40 л. (Black) ","не се следи",76.64,76.64,"не се следи"
"Бързомер HSW X (PCS)",1,63.86,63.86,63.86
"Фотографски услуги","не се следи",0.00,0.00,"не се следи"
"Тактически фенер V600 - Black",2,56.24,46.01,92.02
"Комплект Зарядно с Li-ion Батерия 123/16340",5,10.22,10.22,51.1
"Акумулаторна Li-ion Батерия 123/16340",3,5.11,5.11,15.33
"Лента за маркиране на отбор","не се следи",2.55,2.55,"не се следи"
"Адаптивен твърд кобур &quot;Khaki&quot; ",0,30.63,30.63,0
"Релса &quot;Picatinny&quot; - 54 mm за Keyмod монтаж",4,8.13,8.13,32.52
"Релса &quot;Picatinny&quot; - 93 mm за Keyмod монтаж",2,11.20,11.20,22.4
"Релса &quot;Picatinny&quot; - 124 mm за Keyмod монтаж",6,12.22,12.22,73.32
"Топчета за Еърсофт 0.25г /BLS/ - 1 кг ",1,12.78,12.78,12.78
"Калъф за каска  Fast Ballistic (Black",3,13.24,13.24,39.72
"Топчета за Еърсофт 0.30г /BLS/ - 1 кг ",1,16.87,16.87,16.87
"Пач &quot;Знаме Гърция&quot;",3,2.55,2.55,7.65
"Пач &quot;Знаме Русия&quot;",15,2.55,2.55,38.25
"Пач &quot;Знаме Румъния&quot;",2,2.55,2.55,5.1
"Пач &quot;Знаме Турция&quot;",12,2.55,2.55,30.6
"Пач &quot;Знаме Сърбия&quot;",1,2.55,2.55,2.55
"Пач &quot;Българско знаме&quot; Multicam",15,2.55,2.55,38.25
"Батерия Li-Po 11,1 V 1450MAH (IPower)",2,30.63,30.63,61.26
"Батерия Li-Po 11,1 V 1450MAH (IPower)",2,30.63,30.63,61.26
"Батерия Li-Po 11,1 V 1450MAH (IPower)",2,30.63,30.63,61.26
"Фенер с USB зареждане",1,20.45,20.45,20.45
"Ергономична дръжка M-LOCK | ASWARRIOR ",4,9.15,8.13,32.52
"Газова бутилка  &quot;UMAREX&quot; (CO2)",0,0.85,0.85,0
"Тактически очила ITEK Anti-fog Yellow",5,10.17,10.17,50.85
"Пълнител за VSS Mid-Cap 150 (Черeн)",3,20.40,20.40,61.2
"Еърсофт очила FMA  (Dark Earth)",0,24.03,24.03,0
"Вертикална дръжка M-LOCK | Aswarrior",2,9.15,8.13,16.26
"Радиостанция Baofeng UV-5RH 15W","не се следи",48.52,48.52,"не се следи"
"Фенер със стойка за цев","не се следи",20.45,20.45,"не се следи"
"Комплект тапи за M-LOK",4,3.06,3.06,12.24
"Халка за M4/AR15",11,5.11,5.11,56.21
"Green gas ","не се следи",6.37,6.37,"не се следи"
"TTI TR-1 - JOHN WICK 2 /EMG/",0,408.98,408.98,0
"Пълнител Taran Tactical за M4/AR15 Mid-Cap 220 /EMG/",21,30.63,30.63,643.23
"Мини пистолетен Бързомер RMR /Red Dot/",2,56.19,56.19,112.38
"Батерия Li-Po 11,1 V 1450MAH (IPower)",2,30.63,30.63,61.26
"Защитно стъкло за бързомер 28-30mm",5,9.66,9.66,48.3
"2 броя Спийдлоудъри 100 топчета /BLS/",1,10.22,10.22,10.22
"Джоб за пълнители за пистолет (Black)",3,6.08,6.08,18.24
"Джоб за пълнители за пистолет (MUlticam)",4,6.08,6.08,24.32
"Джоб за пълнители за пистолет (Coyote)",9,6.08,6.08,54.72
"Джоб за пълнители за пистолет (MUlticam Tropic)",1,6.08,6.08,6.08
"Адаптери М13  FLUX/ARC /Earmor/",1,28.12,23.00,23
"Green gas Predator Ultra /Abbey/ - 700мл",1,15.80,13.24,13.24
"Tактическа жилетка &quot;Reaper&quot; (Ranger Green)",3,122.70,122.70,368.1
"Tактическа жилетка &quot;Reaper&quot; (Black)",3,122.70,122.70,368.1
"Tактическа жилетка &quot;Reaper&quot; (Coyote)",3,122.70,122.70,368.1
"Шапка с козирка (Multicam Black)",3,7.62,7.62,22.86
"Предпазител за мини бързомер RMR",2,11.71,11.71,23.42
"Минималистичен Пач &quot;Българско знаме&quot;",6,2.55,2.55,15.3
"Джоб за пълнител AK (Multicam Black)",2,8.13,8.13,16.26
"Чантичка за пълнители (Multicam Black)",3,11.71,11.71,35.13
"CM.045 Gen-2 /CYMA/","не се следи",204.51,204.51,"не се следи"
"Пач &quot;ASWARRIOR&quot;","не се следи",2.55,2.55,"не се следи"
"Пач  &quot;ASWARRIOR&quot;","не се следи",2.55,2.55,"не се следи"
"Пач &quot;ASWARRIOR&quot;","не се следи",2.55,2.55,"не се следи"
"Балаклава (Multicam Black)",3,7.66,7.66,22.98
"Балаклава (Black)",5,7.66,7.66,38.3
"Балаклава (Green)",3,7.66,7.66,22.98
"Балаклава (Multicam)",4,7.66,7.66,30.64
"Балаклава (Multicam Tropic)",4,7.66,7.66,30.64
"Универсална голяма чантичка (Multicam)",1,10.17,10.17,10.17
"Универсална голяма чантичка (Black)",1,10.17,10.17,10.17
"Зарядно IPOWER 25W за LiPo/LiFe/NiMH  Батерии",1,33.18,33.18,33.18
"Тактически колан Combat (Multicam Black)",0,22.96,22.96,0
"Спийдлоудъри 100 топчета /BLS/",6,6.64,6.64,39.84
"Функционална раница 15 л. (Multicam Black) ",3,28.07,28.07,84.21
"Портативно зарядно за UV-5R","не се следи",7.62,7.62,"не се следи"
"Портативно зарядно за UV-82",1,7.62,7.62,7.62
"Балаклава (Russian Digital)",3,7.66,7.66,22.98
"Мини фенерче с USB зареждане","не се следи",5.11,5.11,"не се следи"
"Антифони EARMOR M32 SE (Green)",0,125.22,107.32,0
"Балистични очила Capstone Anti-fog Clear",4,19.38,19.38,77.52
"Джоб за пълнители за пистолет (MUlticam Black)",6,6.08,6.08,36.48
"Балистични очила Isotope Clear",3,28.63,28.63,85.89
"Антена Baofeng BF-701 ",5,5.06,5.06,25.3
"Портативно зарядно за UV-82/ без кабел/",1,5.06,5.06,5.06
"Антифони EARMOR M32 (Grey)",1,125.22,107.32,107.32
"Въздушна система против изпотяване на очила ",0,28.07,28.07,0
"Акустична слушалка за радиостанция Baofeng UV82",4,7.66,7.66,30.64
"Аларма за  Li-Po Батерии",5,8.18,8.18,40.9
"Фенер за пистолет",0,23.00,23.00,0
"CM.048 GEN-2 /CYMA/","не се следи",268.42,268.42,"не се следи"
"Монтажна планка за Mlock / KeyMod с антабка",17,8.13,8.13,138.21
"Монтаж за SVD","не се следи",59.26,59.26,"не се следи"
"Тактически ръкавици (Tan)",2,18.99,12.50,25
"Тактически ръкавици (Green)",0,18.99,12.50,0
"Тактически ръкавици (Black)",0,18.99,12.50,0
"Алкална батерия LR44",15,0.55,0.55,8.25
"M-LOK Монтажна планка за дистанционен бутон","не се следи",3.00,3.00,"не се следи"
"PVC Пач ",8,2.55,2.55,20.4
"Пач &quot;Знаме Украйна&quot;",9,2.55,2.55,22.95
"CM.070 - Metal/CYMA/",0,279.90,279.90,0
"CM.048SU - Metal, Wood/CYMA/","не се следи",265.87,265.87,"не се следи"
"CM.515 /CYMA/",0,163.56,163.56,0
"Монтаж с релса &quot;Picatinny&quot;  под 30°/5 слота",4,13.80,13.80,55.2
"Пистолет R601 - JW3 COMBAT MASTER /Army Armament/",2,163.57,163.57,327.14
"Балаклава с протектор (Black)",4,12.77,12.77,51.08
"Бързомер HSW В (PCS)",1,69.01,69.01,69.01
"Топчета за Еърсофт 0.32г /BLS/ - 1 кг ",3,17.89,17.89,53.67
"Топчета за Еърсофт 0.23г /BLS/ - 1 кг ",2,12.27,12.27,24.54
"Универсален двустранен  кобур (Multicam Black)",2,10.69,10.69,21.38
"Тактически фенер V600 -  Dark Earth",1,56.24,46.01,46.01
"Моментен дистанционен бутон /WADSN/",3,19.42,19.42,58.26
"Преходник Small Tamiya към T-Connector  ",3,5.11,5.11,15.33
"Антифони EARMOR M32 Plus (Green)",2,139.99,119.99,239.98
"Антифони EARMOR M32 Plus (Black)",2,139.99,119.99,239.98
"Антифони EARMOR M32 Plus (Tan)",1,139.99,119.99,119.99
"Полимерен пистолетен Бързомер /Specna Arms/",0,29.99,29.99,0
"Повдигач 31 мм с два болта/ 3 слота",2,10.73,10.73,21.46
"Комплект  предпазни стъкла",3,4.09,4.09,12.27
"Балистични очила Isotope Gray",4,28.63,28.63,114.52
"CM.520 Gen-2 /CYMA/","не се следи",138.04,138.04,"не се следи"
"CM.522 Gen-2 /CYMA/","не се следи",127.82,127.82,"не се следи"
"CM.518 Gen-2 /CYMA/","не се следи",153.38,153.38,"не се следи"
"CM.507 Gen-2 /CYMA/","не се следи",132.93,132.93,"не се следи"
"CM.508 Gen-2 /CYMA/","не се следи",140.60,140.80,"не се следи"
"CM.028U Gen-2 /CYMA/","не се следи",181.50,181.50,"не се следи"
"CM.028C Gen-2 /CYMA/","не се следи",171.28,171.28,"не се следи"
"CM.045А Gen-2 /CYMA/","не се следи",245.41,245.41,"не се следи"
"PVC Пач &quot;Българско знаме&quot;",4,3.00,3.00,12
"Доставка Еконт","не се следи",0.00,0.00,"не се следи"
